{"id":"Bob","x":166.9350128173828,"y":129.6219482421875,"rotation":2.784147412113787,"health":95.85680550849065}