{"id":"Bob","x":192.29412841796875,"y":157.64669799804688,"rotation":1.4909269945099155,"health":81.30293354904279}