{"id":"Bob","x":194.13287353515625,"y":157.19747924804688,"rotation":2.7231151745980404,"health":95.73496704082936}