{"id":"Bob","x":239.43426513671875,"y":162.5596466064453,"rotation":-0.8414885280468481,"health":94.6979118338786}