{"id":"Hey","x":136.95436096191406,"y":141.91207885742188,"rotation":1.587264834267702,"health":100}