{"id":"Hey2","x":1126.224853515625,"y":377.9499816894531,"rotation":1.8318065012727893,"health":99.29046290693805}