{"id":"J","x":224.3054656982422,"y":173.7855987548828,"rotation":2.294733516188294,"health":64.75888603599742}