{"id":"Jake7","x":1.0627715587615967,"y":38.315399169921875,"rotation":2.7727912592193036,"health":100}