{"id":"Jake9","x":159.496826171875,"y":125.05844116210938,"rotation":-0.36226170534941987,"health":100}