{"id":"Jake15","x":151.50738525390625,"y":107.03913879394531,"rotation":0.44203278148540937,"health":100}