{"id":"Jake10","x":141.56332397460938,"y":116.43882751464844,"rotation":0.474164584038264,"health":100}