{"id":"Jake2","x":62.52692794799805,"y":110.51624298095703,"rotation":2.38423559821357,"health":100}