{"id":"Jake13","x":136.630859375,"y":98.27825164794922,"rotation":1.6988762646571323,"health":100}