{"id":"Jake4","x":145.70782470703125,"y":111.67832946777344,"rotation":0.3428397827214541,"health":100}