{"id":"Jake","x":467.4293212890625,"y":529.8665161132812,"rotation":-1.0623850775168893,"health":5.741148157976568}