{"id":"Jake3","x":170.59225463867188,"y":103.8681869506836,"rotation":1.2849743421960826,"health":100}