{"id":"Jake","x":454.42181396484375,"y":569.8012084960938,"rotation":-2.8267148495294396,"health":2.621051648631692}