{"id":"Jake6","x":163.56092834472656,"y":145.14111328125,"rotation":2.2041709103354465,"health":100}