{"id":"Play","x":160.1934051513672,"y":118.88447570800781,"rotation":2.7937483466042914,"health":100}